,Year,Source title,Period,counts
0,2023,American Journal of Ophthalmology Case Reports,2014 - 2023,1
1,2023,European Journal of Haematology,2014 - 2023,1
2,2023,International Journal of Environmental Research and Public Health,2014 - 2023,1
3,2023,Genes,2014 - 2023,1
4,2023,Eye (Basingstoke),2014 - 2023,1
5,2023,Frontiers in Medicine,2014 - 2023,1
6,2023,Frontiers in Genetics,2014 - 2023,1
7,2023,Case Reports in Ophthalmology,2014 - 2023,1
8,2023,Graefe's Archive for Clinical and Experimental Ophthalmology,2014 - 2023,1
9,2023,Experimental Biology and Medicine,2014 - 2023,1
10,2023,Indian Journal of Medical Research,2014 - 2023,1
11,2023,Frontiers in Medicine,2014 - 2023,1
12,2023,Retinal Cases and Brief Reports,2014 - 2023,1
13,2023,Pathology Research and Practice,2014 - 2023,1
14,2023,Journal of Pediatric Hematology/Oncology,2014 - 2023,1
15,2022,Cochrane Database of Systematic Reviews,2014 - 2023,1
16,2022,Bahrain Medical Bulletin,2014 - 2023,1
17,2022,High Altitude Medicine and Biology,2014 - 2023,1
18,2022,Life,2014 - 2023,1
19,2022,Hematology/Oncology Clinics of North America,2014 - 2023,1
20,2022,International Journal of Retina and Vitreous,2014 - 2023,1
21,2022,Proceedings of the National Academy of Sciences of the United States of America,2014 - 2023,1
22,2022,European Journal of Ophthalmology,2014 - 2023,1
23,2022,Frontiers in Cardiovascular Medicine,2014 - 2023,1
24,2022,Journal of Women's Health,2014 - 2023,1
25,2022,Pharmacological Reviews,2014 - 2023,1
26,2022,British Journal of Haematology,2014 - 2023,1
27,2022,Deutsche Medizinische Wochenschrift,2014 - 2023,1
28,2022,Blood Advances,2014 - 2023,1
29,2022,PLoS ONE,2014 - 2023,1
30,2022,Retinal Cases and Brief Reports,2014 - 2023,1
31,2022,Journal Francais d'Ophtalmologie,2014 - 2023,1
32,2022,Eye (Basingstoke),2014 - 2023,1
33,2022,American Journal of Medicine,2014 - 2023,1
34,2022,Canadian Journal of Ophthalmology,2014 - 2023,1
35,2022,JAMA,2014 - 2023,1
36,2022,"Revista Cubana de Hematologia, Inmunologia y Hemoterapia",2014 - 2023,1
37,2022,Retinal Cases and Brief Reports,2014 - 2023,1
38,2022,Annals of Medicine and Surgery,2014 - 2023,1
39,2022,Journal Francais d'Ophtalmologie,2014 - 2023,1
40,2022,American Journal of Ophthalmology Case Reports,2014 - 2023,1
41,2022,Eye (Basingstoke),2014 - 2023,1
42,2022,Journal of VitreoRetinal Diseases,2014 - 2023,1
43,2022,New England Journal of Medicine,2014 - 2023,1
44,2022,American Journal of Ophthalmology,2014 - 2023,1
45,2022,American Journal of Ophthalmology Case Reports,2014 - 2023,1
46,2022,Seminars in Thrombosis and Hemostasis,2014 - 2023,1
47,2022,Experimental Biology and Medicine,2014 - 2023,1
48,2022,Acta Haematologica,2014 - 2023,1
49,2022,BMJ Open Ophthalmology,2014 - 2023,1
50,2022,Journal of Clinical Medicine,2014 - 2023,1
51,2022,British Journal of Ophthalmology,2014 - 2023,1
52,2022,Albert and Jakobiec's Principles and Practice of Ophthalmology: Fourth Edition,2014 - 2023,1
53,2022,Albert and Jakobiec's Principles and Practice of Ophthalmology: Fourth Edition,2014 - 2023,1
54,2022,Albert and Jakobiec's Principles and Practice of Ophthalmology: Fourth Edition,2014 - 2023,1
55,2022,Ocular Immunology and Inflammation,2014 - 2023,1
56,2022,ASN Neuro,2014 - 2023,1
57,2022,International Journal of Clinical Practice,2014 - 2023,1
58,2022,Pediatric Annals,2014 - 2023,1
59,2022,International Journal of Hematology,2014 - 2023,1
60,2021,Medicine (United States),2014 - 2023,1
61,2021,Genes,2014 - 2023,1
62,2021,International Journal of Clinical Practice,2014 - 2023,1
63,2021,BMC Pulmonary Medicine,2014 - 2023,1
64,2021,Blood,2014 - 2023,1
65,2021,Indian journal of ophthalmology,2014 - 2023,1
66,2021,Ophthalmic Surgery Lasers and Imaging Retina,2014 - 2023,1
67,2021,Stem Cells Translational Medicine,2014 - 2023,1
68,2021,Biomedical Physics and Engineering Express,2014 - 2023,1
69,2021,Frontiers in Medicine,2014 - 2023,1
70,2021,QJM,2014 - 2023,1
71,2021,Annals of African Medicine,2014 - 2023,1
72,2021,Journal Francais d'Ophtalmologie,2014 - 2023,1
73,2021,Eye (Basingstoke),2014 - 2023,1
74,2021,Ophthalmologe,2014 - 2023,1
75,2021,Frontiers in Physiology,2014 - 2023,1
76,2021,Journal of VitreoRetinal Diseases,2014 - 2023,1
77,2021,European Journal of Ophthalmology,2014 - 2023,1
78,2021,Advances in Ophthalmology and Optometry,2014 - 2023,1
79,2021,Clinical Journal of Pain,2014 - 2023,1
80,2021,British Journal of Ophthalmology,2014 - 2023,1
81,2021,Ophthalmology Retina,2014 - 2023,1
82,2021,Haematologica,2014 - 2023,1
83,2021,"Retina (Philadelphia, Pa.)",2014 - 2023,1
84,2021,Pediatric Blood and Cancer,2014 - 2023,1
85,2021,Ophthalmology Retina,2014 - 2023,1
86,2021,Journal of Clinical Investigation,2014 - 2023,1
87,2021,Ophthalmologica,2014 - 2023,1
88,2021,Cells,2014 - 2023,1
89,2021,American Journal of Ophthalmology,2014 - 2023,1
90,2021,Journal of Stroke and Cerebrovascular Diseases,2014 - 2023,1
91,2021,Journal of the National Medical Association,2014 - 2023,1
92,2021,JAMA Ophthalmology,2014 - 2023,1
93,2021,JAMA Ophthalmology,2014 - 2023,1
94,2021,JAMA Ophthalmology,2014 - 2023,1
95,2021,British Journal of Haematology,2014 - 2023,1
96,2021,"Blood Cells, Molecules, and Diseases",2014 - 2023,1
97,2021,International Eye Science,2014 - 2023,1
98,2021,The Lancet,2014 - 2023,1
99,2021,Therapeutic Advances in Ophthalmology,2014 - 2023,1
100,2021,Turkish Journal of Pediatrics,2014 - 2023,1
101,2021,Hemoglobin,2014 - 2023,1
102,2021,Hematology (United Kingdom),2014 - 2023,1
103,2021,Journal of Medical Investigation,2014 - 2023,1
104,2021,Turkish Journal of Ophthalmology,2014 - 2023,1
105,2021,Journal of International Medical Research,2014 - 2023,1
106,2021,Oftalmologiya,2014 - 2023,1
107,2021,Annals of Internal Medicine,2014 - 2023,1
108,2021,British Journal of Haematology,2014 - 2023,1
109,2021,Ophthalmic Epidemiology,2014 - 2023,1
110,2020,American Journal of Ophthalmology Case Reports,2014 - 2023,1
111,2020,Scientific Reports,2014 - 2023,1
112,2020,Annals of the Royal College of Surgeons of England,2014 - 2023,1
113,2020,JAMA Ophthalmology,2014 - 2023,1
114,2020,Journal of Medical Economics,2014 - 2023,1
115,2020,Graefe's Archive for Clinical and Experimental Ophthalmology,2014 - 2023,1
116,2020,Pharmaceuticals,2014 - 2023,1
117,2020,Transfusion,2014 - 2023,1
118,2020,Frontiers in Immunology,2014 - 2023,1
119,2020,International Ophthalmology Clinics,2014 - 2023,1
120,2020,Retina Today,2014 - 2023,1
121,2020,Journal of Pediatric Hematology/Oncology,2014 - 2023,1
122,2020,Advances in Ophthalmology and Optometry,2014 - 2023,1
123,2020,American Journal of Hematology,2014 - 2023,1
124,2020,British Journal of Haematology,2014 - 2023,1
125,2020,International Journal of Research in Pharmaceutical Sciences,2014 - 2023,1
126,2020,Ophthalmic Epidemiology,2014 - 2023,1
127,2020,American Journal of Hematology,2014 - 2023,1
128,2020,PLoS ONE,2014 - 2023,1
129,2020,American Journal of Hematology,2014 - 2023,1
130,2020,"Eye (London, England)",2014 - 2023,1
131,2020,Journal Francais d'Ophtalmologie,2014 - 2023,1
132,2020,British Journal of Ophthalmology,2014 - 2023,1
133,2020,Revista Brasileira de Oftalmologia,2014 - 2023,1
134,2020,Ophthalmic Surgery Lasers and Imaging Retina,2014 - 2023,1
135,2020,Nigerian Journal of Clinical Practice,2014 - 2023,1
136,2020,Journal of Pediatric Hematology/Oncology,2014 - 2023,1
137,2020,Experimental Biology and Medicine,2014 - 2023,1
138,2020,Data in Brief,2014 - 2023,1
139,2020,ClinicoEconomics and Outcomes Research,2014 - 2023,1
140,2020,Case Reports in Ophthalmology,2014 - 2023,1
141,2020,Revista Brasileira de Oftalmologia,2014 - 2023,1
142,2020,Clinical Ophthalmology,2014 - 2023,1
143,2020,Journal of Ophthalmic and Vision Research,2014 - 2023,1
144,2020,Journal Francais d'Ophtalmologie,2014 - 2023,1
145,2020,Graefe's Archive for Clinical and Experimental Ophthalmology,2014 - 2023,1
146,2019,International Journal of Retina and Vitreous,2014 - 2023,1
147,2019,Journal of Clinical Medicine,2014 - 2023,1
148,2019,Retina,2014 - 2023,1
149,2019,Pathology Research and Practice,2014 - 2023,1
150,2019,Retina,2014 - 2023,1
151,2019,International Ophthalmology Clinics,2014 - 2023,1
152,2019,International Journal of Retina and Vitreous,2014 - 2023,1
153,2019,Transfusion Clinique et Biologique,2014 - 2023,1
154,2019,Journal of Clinical Medicine,2014 - 2023,1
155,2019,Biology of Blood and Marrow Transplantation,2014 - 2023,1
156,2019,Journal of Clinical Medicine,2014 - 2023,1
157,2019,Journal of Diabetes and its Complications,2014 - 2023,1
158,2019,Blood Reviews,2014 - 2023,1
159,2019,Journal of Current Ophthalmology,2014 - 2023,1
160,2019,Retinal cases & brief reports,2014 - 2023,1
161,2019,International Wound Journal,2014 - 2023,1
162,2019,Journal of Pediatric Hematology/Oncology,2014 - 2023,1
163,2019,Ophthalmology,2014 - 2023,1
164,2019,British Journal of Ophthalmology,2014 - 2023,1
165,2019,Journal of Clinical Medicine,2014 - 2023,1
166,2019,American Journal of Ophthalmology,2014 - 2023,1
167,2019,Ophthalmology Retina,2014 - 2023,1
168,2019,Translational Vision Science and Technology,2014 - 2023,1
169,2019,BMJ Open Ophthalmology,2014 - 2023,1
170,2019,Archivos de la Sociedad Espanola de Oftalmologia,2014 - 2023,1
171,2019,Blood Reviews,2014 - 2023,1
172,2019,European Journal of Ophthalmology,2014 - 2023,1
173,2019,Blood Advances,2014 - 2023,1
174,2019,Middle East African Journal of Ophthalmology,2014 - 2023,1
175,2019,Biomedical Optics Express,2014 - 2023,1
176,2019,Annals of Hematology,2014 - 2023,1
177,2019,Translational Vision Science and Technology,2014 - 2023,1
178,2019,Biophysical Properties in Glaucoma: Diagnostic Technologies,2014 - 2023,1
179,2019,Handbook of Pediatric Retinal OCT and the Eye-Brain Connection,2014 - 2023,1
180,2019,Ultrasonography,2014 - 2023,1
181,2019,Mediterranean Journal of Hematology and Infectious Diseases,2014 - 2023,1
182,2019,Pan African Medical Journal,2014 - 2023,1
183,2019,Clinical Ophthalmology,2014 - 2023,1
184,2019,Haematologica,2014 - 2023,1
185,2019,Graefe's Archive for Clinical and Experimental Ophthalmology,2014 - 2023,1
186,2019,Clinical Hemorheology and Microcirculation,2014 - 2023,1
187,2019,Clinical Hemorheology and Microcirculation,2014 - 2023,1
188,2019,Clinical Hemorheology and Microcirculation,2014 - 2023,1
189,2019,BMJ Case Reports,2014 - 2023,1
190,2019,Journal Francais d'Ophtalmologie,2014 - 2023,1
191,2019,American Journal of Ophthalmology,2014 - 2023,1
192,2019,Retina,2014 - 2023,1
193,2018,Ophthalmology Retina,2014 - 2023,1
194,2018,Diabetes Care,2014 - 2023,1
195,2018,British Journal of Haematology,2014 - 2023,1
196,2018,Jornal de Pediatria,2014 - 2023,1
197,2018,Bioscience Reports,2014 - 2023,1
198,2018,Bioscience Reports,2014 - 2023,1
199,2018,Journal of AAPOS,2014 - 2023,1
200,2018,Journal of AAPOS,2014 - 2023,1
201,2018,Stem Cell Reviews and Reports,2014 - 2023,1
202,2018,Bioscience Reports,2014 - 2023,1
203,2018,Expert Review of Ophthalmology,2014 - 2023,1
204,2018,Eye (Basingstoke),2014 - 2023,1
205,2018,BMC Ophthalmology,2014 - 2023,1
206,2018,American Journal of Hematology,2014 - 2023,1
207,2018,Eye (Basingstoke),2014 - 2023,1
208,2018,American Journal of Ophthalmology,2014 - 2023,1
209,2018,Canadian Journal of Ophthalmology,2014 - 2023,1
210,2018,British Journal of Haematology,2014 - 2023,1
211,2018,Journal of Clinical and Diagnostic Research,2014 - 2023,1
212,2018,Ophthalmology Retina,2014 - 2023,1
213,2018,Journal of AAPOS,2014 - 2023,1
214,2018,Seminars in Ophthalmology,2014 - 2023,1
215,2018,PLoS ONE,2014 - 2023,1
216,2018,British Journal of Haematology,2014 - 2023,1
217,2018,Haematologica,2014 - 2023,1
218,2018,Investigative Ophthalmology and Visual Science,2014 - 2023,1
219,2018,PLoS ONE,2014 - 2023,1
220,2018,Pediatric Blood and Cancer,2014 - 2023,1
221,2018,BMJ Case Reports,2014 - 2023,1
222,2018,Clinical hemorheology and microcirculation,2014 - 2023,1
223,2018,Journal Francais d'Ophtalmologie,2014 - 2023,1
224,2017,Revista da Associacao Medica Brasileira,2014 - 2023,1
225,2017,Hematology/Oncology Clinics of North America,2014 - 2023,1
226,2017,Current Opinion in Ophthalmology,2014 - 2023,1
227,2017,American Journal of Ophthalmology,2014 - 2023,1
228,2017,Survey of Ophthalmology,2014 - 2023,1
229,2017,Clinical Chemistry and Laboratory Medicine,2014 - 2023,1
230,2017,American Journal of Hematology,2014 - 2023,1
231,2017,Expert Review of Ophthalmology,2014 - 2023,1
232,2017,Ocular Oncology and Pathology,2014 - 2023,1
233,2017,Biomedical Optics Express,2014 - 2023,1
234,2017,Journal Francais d'Ophtalmologie,2014 - 2023,1
235,2017,Cytokine,2014 - 2023,1
236,2017,Revue de Medecine Interne,2014 - 2023,1
237,2017,Journal of Multidisciplinary Healthcare,2014 - 2023,1
238,2017,PLoS ONE,2014 - 2023,1
239,2017,Biomedical Optics Express,2014 - 2023,1
240,2017,Pediatric Blood and Cancer,2014 - 2023,1
241,2017,Pan African Medical Journal,2014 - 2023,1
242,2017,eLife,2014 - 2023,1
243,2017,Ophthalmology and Therapy,2014 - 2023,1
244,2017,Taiwan Journal of Ophthalmology,2014 - 2023,1
245,2017,Investigative Ophthalmology and Visual Science,2014 - 2023,1
246,2017,Journal of Clinical and Diagnostic Research,2014 - 2023,1
247,2017,American Journal of Ophthalmology,2014 - 2023,1
248,2017,Retina Today,2014 - 2023,1
249,2017,Biomedical Optics Express,2014 - 2023,1
250,2017,Journal Francais d'Ophtalmologie,2014 - 2023,1
251,2017,British Journal of Haematology,2014 - 2023,1
252,2017,Nitric Oxide - Biology and Chemistry,2014 - 2023,1
253,2017,BMC Ophthalmology,2014 - 2023,1
254,2017,Journal of Obstetrics and Gynaecology,2014 - 2023,1
255,2017,Reactive Oxygen Species in Biology and Human Health,2014 - 2023,1
256,2017,Journal of Pediatric Hematology/Oncology,2014 - 2023,1
257,2017,BMJ Case Reports,2014 - 2023,1
258,2017,Revista Brasileira de Hematologia e Hemoterapia,2014 - 2023,1
259,2016,International Journal of Retina and Vitreous,2014 - 2023,1
260,2016,Antioxidants and Redox Signaling,2014 - 2023,1
261,2016,Investigative Ophthalmology and Visual Science,2014 - 2023,1
262,2016,American Journal of Ophthalmology Case Reports,2014 - 2023,1
263,2016,Expert Review of Ophthalmology,2014 - 2023,1
264,2016,Pharmacotherapy,2014 - 2023,1
265,2016,Southern Medical Journal,2014 - 2023,1
266,2016,Southern Medical Journal,2014 - 2023,1
267,2016,European Journal of Ophthalmology,2014 - 2023,1
268,2016,European Journal of Ophthalmology,2014 - 2023,1
269,2016,Acta Haematologica,2014 - 2023,1
270,2016,Population Health Management,2014 - 2023,1
271,2016,Revista Brasileira de Hematologia e Hemoterapia,2014 - 2023,1
272,2016,PLoS ONE,2014 - 2023,1
273,2016,Investigative Ophthalmology and Visual Science,2014 - 2023,1
274,2016,"Blood Cells, Molecules, and Diseases",2014 - 2023,1
275,2016,Hemoglobin,2014 - 2023,1
276,2016,Thrombosis Research,2014 - 2023,1
277,2016,Experimental Biology and Medicine,2014 - 2023,1
278,2016,Blood Reviews,2014 - 2023,1
279,2016,Stroke,2014 - 2023,1
280,2016,American Journal of Hematology,2014 - 2023,1
281,2016,Retina,2014 - 2023,1
282,2016,Clinical Hemorheology and Microcirculation,2014 - 2023,1
283,2016,The Curated Reference Collection in Neuroscience and Biobehavioral Psychology,2014 - 2023,1
284,2016,Retina,2014 - 2023,1
285,2016,Sickle Cell Anemia: From Basic Science to Clinical Practice,2014 - 2023,1
286,2016,Sickle Cell Anemia: From Basic Science to Clinical Practice,2014 - 2023,1
287,2016,Journal of Ophthalmic and Vision Research,2014 - 2023,1
288,2016,Middle East African Journal of Ophthalmology,2014 - 2023,1
289,2016,American Journal of Hematology,2014 - 2023,1
290,2016,Ophthalmic Surgery Lasers and Imaging Retina,2014 - 2023,1
291,2016,Journal of Clinical and Diagnostic Research,2014 - 2023,1
292,2015,American Family Physician,2014 - 2023,1
293,2015,American Journal of Hematology,2014 - 2023,1
294,2015,Ophthalmology,2014 - 2023,1
295,2015,British Journal of Haematology,2014 - 2023,1
296,2015,Journal of Pediatric Hematology/Oncology,2014 - 2023,1
297,2015,Cochrane Database of Systematic Reviews,2014 - 2023,1
298,2015,Retinal Cases and Brief Reports,2014 - 2023,1
299,2015,Indian Journal of Ophthalmology,2014 - 2023,1
300,2015,International Journal of Lower Extremity Wounds,2014 - 2023,1
301,2015,British Journal of Ophthalmology,2014 - 2023,1
302,2015,American Journal of Hematology,2014 - 2023,1
303,2015,American Journal of Ophthalmology,2014 - 2023,1
304,2015,American Journal of Ophthalmology,2014 - 2023,1
305,2015,Acta Ophthalmologica,2014 - 2023,1
306,2015,Klinische Monatsblatter fur Augenheilkunde,2014 - 2023,1
307,2015,American Journal of Hematology,2014 - 2023,1
308,2015,Biology of Blood and Marrow Transplantation,2014 - 2023,1
309,2015,Pediatric Blood and Cancer,2014 - 2023,1
310,2015,Archives of Cardiovascular Diseases,2014 - 2023,1
311,2015,"Blood Cells, Molecules, and Diseases",2014 - 2023,1
312,2015,Retina,2014 - 2023,1
313,2015,European Journal of Haematology,2014 - 2023,1
314,2015,Pan African Medical Journal,2014 - 2023,1
315,2015,Gaceta Medica de Mexico,2014 - 2023,1
316,2015,"Blood cells, molecules & diseases",2014 - 2023,1
317,2015,Haematologica,2014 - 2023,1
318,2015,Haematologica,2014 - 2023,1
319,2015,Haematologica,2014 - 2023,1
320,2015,Lasers in Medical Science,2014 - 2023,1
321,2014,Hematology (United States),2014 - 2023,1
322,2014,Indian Journal of Hematology and Blood Transfusion,2014 - 2023,1
323,2014,Pan African Medical Journal,2014 - 2023,1
324,2014,Drugs of the Future,2014 - 2023,1
325,2014,Revue du Praticien,2014 - 2023,1
326,2014,JAMA - Journal of the American Medical Association,2014 - 2023,1
327,2014,Revista Brasileira de Hematologia e Hemoterapia,2014 - 2023,1
328,2014,Revista Brasileira de Hematologia e Hemoterapia,2014 - 2023,1
329,2014,Haematologica,2014 - 2023,1
330,2014,Hematology/Oncology Clinics of North America,2014 - 2023,1
331,2014,BMJ (Online),2014 - 2023,1
332,2014,Pathobiology of Human Disease: A Dynamic Encyclopedia of Disease Mechanisms,2014 - 2023,1
333,2014,Open Ophthalmology Journal,2014 - 2023,1
334,2014,South African Medical Journal,2014 - 2023,1
335,2014,Investigative ophthalmology & visual science,2014 - 2023,1
336,2014,Internal Medicine,2014 - 2023,1
337,2014,Future Medicinal Chemistry,2014 - 2023,1
338,2014,Emergency Medicine Clinics of North America,2014 - 2023,1
339,2014,"Revista Cubana de Hematologia, Inmunologia y Hemoterapia",2014 - 2023,1
340,2014,American Journal of Hematology,2014 - 2023,1
341,2014,CONTINUUM Lifelong Learning in Neurology,2014 - 2023,1
342,2014,Current Opinion in Ophthalmology,2014 - 2023,1
343,2014,American Journal of Ophthalmology,2014 - 2023,1
344,2013,Clinical Hemorheology and Microcirculation,2004 - 2013,1
345,2013,Cochrane Database of Systematic Reviews,2004 - 2013,1
346,2013,Consultant,2004 - 2013,1
347,2013,Arquivos Brasileiros de Oftalmologia,2004 - 2013,1
348,2013,Ophthalmic Surgery Lasers and Imaging Retina,2004 - 2013,1
349,2013,Progress in Retinal and Eye Research,2004 - 2013,1
350,2013,BMJ Case Reports,2004 - 2013,1
351,2013,Retinal Cases and Brief Reports,2004 - 2013,1
352,2013,British Journal of Haematology,2004 - 2013,1
353,2013,Transactions of the Royal Society of Tropical Medicine and Hygiene,2004 - 2013,1
354,2013,Asian Journal of Pharmaceutical and Clinical Research,2004 - 2013,1
355,2013,Annual Review of Medicine,2004 - 2013,1
356,2013,Best Practice and Research: Clinical Obstetrics and Gynaecology,2004 - 2013,1
357,2013,Arquivos Brasileiros de Oftalmologia,2004 - 2013,1
358,2012,Retinal Cases and Brief Reports,2004 - 2013,1
359,2012,Journal of Biomedicine and Biotechnology,2004 - 2013,1
360,2012,Current Opinion in Ophthalmology,2004 - 2013,1
361,2012,Journal of Clinical and Diagnostic Research,2004 - 2013,1
362,2012,American Journal of Hematology,2004 - 2013,1
363,2012,Arquivos Brasileiros de Oftalmologia,2004 - 2013,1
364,2012,"Obstetrics, Gynaecology and Reproductive Medicine",2004 - 2013,1
365,2012,Haematologica,2004 - 2013,1
366,2012,Diabetes Spectrum,2004 - 2013,1
367,2012,Medical Retina,2004 - 2013,1
368,2012,Journal Francais d'Ophtalmologie,2004 - 2013,1
369,2012,PLoS ONE,2004 - 2013,1
370,2012,"Journal of Ayub Medical College, Abbottabad : JAMC",2004 - 2013,1
371,2012,West Indian Medical Journal,2004 - 2013,1
372,2012,BMJ Case Reports,2004 - 2013,1
373,2011,Neurology,2004 - 2013,1
374,2011,American Journal of Ophthalmology,2004 - 2013,1
375,2011,Arquivos Brasileiros de Oftalmologia,2004 - 2013,1
376,2011,Medicine,2004 - 2013,1
377,2011,Hemoglobin,2004 - 2013,1
378,2011,Arquivos Brasileiros de Oftalmologia,2004 - 2013,1
379,2011,European Journal of Ophthalmology,2004 - 2013,1
380,2011,Retina,2004 - 2013,1
381,2011,Journal of Leukocyte Biology,2004 - 2013,1
382,2011,Journal of AAPOS,2004 - 2013,1
383,2011,Archives of Ophthalmology,2004 - 2013,1
384,2011,Journal of pediatric ophthalmology and strabismus,2004 - 2013,1
385,2011,Revista Brasileira de Oftalmologia,2004 - 2013,1
386,2011,American Journal of Ophthalmology,2004 - 2013,1
387,2011,Biomedical and Pharmacology Journal,2004 - 2013,1
388,2011,Pediatric Blood and Cancer,2004 - 2013,1
389,2010,Nigerian quarterly journal of hospital medicine,2004 - 2013,1
390,2010,Capsula Eburnea,2004 - 2013,1
391,2010,Experimental Eye Research,2004 - 2013,1
392,2010,American Journal of Hematology,2004 - 2013,1
393,2010,Survey of Ophthalmology,2004 - 2013,1
394,2010,Clinical Journal of the American Society of Nephrology,2004 - 2013,1
395,2010,"Blood Cells, Molecules, and Diseases",2004 - 2013,1
396,2010,Ocular Immunology and Inflammation,2004 - 2013,1
397,2010,Retina,2004 - 2013,1
398,2010,"Blood Cells, Molecules, and Diseases",2004 - 2013,1
399,2010,BMJ Case Reports,2004 - 2013,1
400,2010,Annals of Tropical Paediatrics,2004 - 2013,1
401,2010,Thrombosis Research,2004 - 2013,1
402,2010,Encyclopedia of the Eye,2004 - 2013,1
403,2010,"Encyclopedia of the Eye, Four-Volume Set",2004 - 2013,1
404,2010,Retina Today,2004 - 2013,1
405,2010,Revista Brasileira de Oftalmologia,2004 - 2013,1
406,2009,Journal Francais d'Ophtalmologie,2004 - 2013,1
407,2009,Methods and Findings in Experimental and Clinical Pharmacology,2004 - 2013,1
408,2009,Experimental Hematology,2004 - 2013,1
409,2009,Rawal Medical Journal,2004 - 2013,1
410,2009,"Blood Cells, Molecules, and Diseases",2004 - 2013,1
411,2009,Journal Francais d'Ophtalmologie,2004 - 2013,1
412,2009,American Journal of Medicine,2004 - 2013,1
413,2009,"Revista Cubana de Hematologia, Inmunologia y Hemoterapia",2004 - 2013,1
414,2009,A Practical Manual of Diabetic Retinopathy Management,2004 - 2013,1
415,2009,Clinical Rheumatology,2004 - 2013,1
416,2009,Genomics Insights,2004 - 2013,1
417,2009,Arquivos Brasileiros de Oftalmologia,2004 - 2013,1
418,2009,Journal Francais d'Ophtalmologie,2004 - 2013,1
419,2009,Revue de Medecine Interne,2004 - 2013,1
420,2009,Eye,2004 - 2013,1
421,2008,Seminars in Arthritis and Rheumatism,2004 - 2013,1
422,2008,Neurosciences,2004 - 2013,1
423,2008,Clinical and Refractive Optometry,2004 - 2013,1
424,2008,BMJ,2004 - 2013,1
425,2008,Undersea and Hyperbaric Medicine,2004 - 2013,1
426,2008,Japanese Journal of Clinical Ophthalmology,2004 - 2013,1
427,2008,Proteomics - Clinical Applications,2004 - 2013,1
428,2008,International Ophthalmology,2004 - 2013,1
429,2008,Tunisie Medicale,2004 - 2013,1
430,2008,Pediatric Blood and Cancer,2004 - 2013,1
431,2008,Journal Francais d'Ophtalmologie,2004 - 2013,1
432,2008,American Journal of Emergency Medicine,2004 - 2013,1
433,2008,Annals of the New York Academy of Sciences,2004 - 2013,1
434,2008,Archives of Ophthalmology,2004 - 2013,1
435,2008,Lab on a Chip,2004 - 2013,1
436,2008,European Journal of Ophthalmology,2004 - 2013,1
437,2008,Canadian Journal of Ophthalmology,2004 - 2013,1
438,2007,Retinal Vascular Disease,2004 - 2013,1
439,2007,Retinal Vascular Disease,2004 - 2013,1
440,2007,Optometry,2004 - 2013,1
441,2007,Revista Brasileira de Hematologia e Hemoterapia,2004 - 2013,1
442,2007,Pediatrics in Review,2004 - 2013,1
443,2007,Acta Haematologica,2004 - 2013,1
444,2007,Scandinavian Journal of Clinical and Laboratory Investigation,2004 - 2013,1
445,2007,"Nanotoxicology: Characterization, Dosing and Health Effects",2004 - 2013,1
446,2007,Optometry,2004 - 2013,1
447,2007,Journal of Pediatric Ophthalmology and Strabismus,2004 - 2013,1
448,2006,Acta Ophthalmologica Scandinavica,2004 - 2013,1
449,2006,Tropical Doctor,2004 - 2013,1
450,2006,Pediatrics,2004 - 2013,1
451,2006,Haematologica,2004 - 2013,1
452,2006,Medecine Tropicale,2004 - 2013,1
453,2006,Journal of Neurology,2004 - 2013,1
454,2006,Evidence-Based Ophthalmology,2004 - 2013,1
455,2006,West African Journal of Medicine,2004 - 2013,1
456,2006,American Journal of Hematology,2004 - 2013,1
457,2006,Brazilian Journal of Medical and Biological Research,2004 - 2013,1
458,2006,Archives of Ophthalmology,2004 - 2013,1
459,2005,Journal of Thrombosis and Haemostasis,2004 - 2013,1
460,2005,Vision Research,2004 - 2013,1
461,2005,Medicine,2004 - 2013,1
462,2005,Archives of Ophthalmology,2004 - 2013,1
463,2005,Hematology/Oncology Clinics of North America,2004 - 2013,1
464,2005,Irish Medical Journal,2004 - 2013,1
465,2005,Archives of Ophthalmology,2004 - 2013,1
466,2005,International Journal of Behavioral Medicine,2004 - 2013,1
467,2005,British Journal of Ophthalmology,2004 - 2013,1
468,2005,Diabetes,2004 - 2013,1
469,2005,The Nigerian postgraduate medical journal,2004 - 2013,1
470,2005,Ophthalmology,2004 - 2013,1
471,2005,Journal Francais d'Ophtalmologie,2004 - 2013,1
472,2005,Mayo Clinic Proceedings,2004 - 2013,1
473,2004,Revista Brasileira de Oftalmologia,2004 - 2013,1
474,2004,Revue du Praticien,2004 - 2013,1
475,2004,European Journal of Internal Medicine,2004 - 2013,1
476,2004,Italian Journal of Pediatrics,2004 - 2013,1
477,2004,Microcirculation,2004 - 2013,1
478,2004,Journal Francais d'Ophtalmologie,2004 - 2013,1
479,2004,Ophthalmologe,2004 - 2013,1
480,2004,The Nigerian postgraduate medical journal,2004 - 2013,1
481,2004,Pediatrics,2004 - 2013,1
482,2003,JK Practitioner,1994 - 2003,1
483,2003,Experimental Eye Research,1994 - 2003,1
484,2003,Journal of the National Medical Association,1994 - 2003,1
485,2003,Investigative Ophthalmology and Visual Science,1994 - 2003,1
486,2003,Indian Journal of Ophthalmology,1994 - 2003,1
487,2003,American Journal of Hematology,1994 - 2003,1
488,2003,Canadian Journal of Ophthalmology,1994 - 2003,1
489,2003,Pattern Recognition Letters,1994 - 2003,1
490,2002,Hematology Journal,1994 - 2003,1
491,2002,Current Eye Research,1994 - 2003,1
492,2002,British Journal of Ophthalmology,1994 - 2003,1
493,2002,Retina,1994 - 2003,1
494,2002,West African journal of medicine,1994 - 2003,1
495,2001,Journal Francais d'Ophtalmologie,1994 - 2003,1
496,2001,American Journal of Hematology,1994 - 2003,1
497,2001,African journal of medicine and medical sciences,1994 - 2003,1
498,2001,Clinical Medicine,1994 - 2003,1
499,2001,Acta Ophthalmologica Scandinavica,1994 - 2003,1
500,2001,Eye,1994 - 2003,1
501,2001,Seminars in Nephrology,1994 - 2003,1
502,2001,Ophthalmologe,1994 - 2003,1
503,2000,Investigative Ophthalmology and Visual Science,1994 - 2003,1
504,2000,Arquivos Brasileiros de Oftalmologia,1994 - 2003,1
505,2000,Optometry and Vision Science,1994 - 2003,1
506,2000,American Journal of Ophthalmology,1994 - 2003,1
507,2000,Eye (Basingstoke),1994 - 2003,1
508,1999,British Journal of Haematology,1994 - 2003,1
509,1999,Ophthalmology,1994 - 2003,1
510,1999,Blood,1994 - 2003,1
511,1999,American Journal of Hematology,1994 - 2003,1
512,1999,Cleveland Clinic Journal of Medicine,1994 - 2003,1
513,1999,British Journal of Ophthalmology,1994 - 2003,1
514,1998,Survey of Ophthalmology,1994 - 2003,1
515,1998,Current Eye Research,1994 - 2003,1
516,1998,Pediatric Annals,1994 - 2003,1
517,1998,Annales Nestle,1994 - 2003,1
518,1998,Japanese Journal of Clinical Ophthalmology,1994 - 2003,1
519,1997,"Eye (London, England)",1994 - 2003,1
520,1997,Investigative Ophthalmology and Visual Science,1994 - 2003,1
521,1997,Journal Francais d'Ophtalmologie,1994 - 2003,1
522,1997,Current Opinion in Ophthalmology,1994 - 2003,1
523,1997,Medical Engineering and Physics,1994 - 2003,1
524,1997,Lancet,1994 - 2003,1
525,1997,American Journal of Ophthalmology,1994 - 2003,1
526,1997,Survey of Ophthalmology,1994 - 2003,1
527,1997,Hemoglobin,1994 - 2003,1
528,1997,Hospital Practice,1994 - 2003,1
529,1996,Journal Francais d'Ophtalmologie,1994 - 2003,1
530,1996,Microvascular Research,1994 - 2003,1
531,1996,British Journal of Haematology,1994 - 2003,1
532,1996,Clinical Eye and Vision Care,1994 - 2003,1
533,1996,Eye,1994 - 2003,1
534,1996,Hematology/Oncology Clinics of North America,1994 - 2003,1
535,1995,Medecine Tropicale,1994 - 2003,1
536,1995,Graefe's Archive for Clinical and Experimental Ophthalmology,1994 - 2003,1
537,1995,Journal of ophthalmic nursing & technology,1994 - 2003,1
538,1995,Retina,1994 - 2003,1
539,1995,Bulletin de la Société belge d'ophtalmologie,1994 - 2003,1
540,1995,British Journal of Ophthalmology,1994 - 2003,1
541,1995,International Ophthalmology,1994 - 2003,1
542,1995,British Journal of Ophthalmology,1994 - 2003,1
543,1995,Eye (Basingstoke),1994 - 2003,1
544,1995,Journal of the American Osteopathic Association,1994 - 2003,1
545,1994,New England Journal of Medicine,1994 - 2003,1
546,1994,New England Journal of Medicine,1994 - 2003,1
547,1994,American Journal of Pathology,1994 - 2003,1
548,1994,"Metabolic, pediatric, and systemic ophthalmology (New York, N.Y. : 1985)",1994 - 2003,1
549,1994,Eye (Basingstoke),1994 - 2003,1
550,1994,Journal of the National Medical Association,1994 - 2003,1
551,1994,American Family Physician,1994 - 2003,1
552,1994,Current Eye Research,1994 - 2003,1
553,1994,Current Opinion in Ophthalmology,1994 - 2003,1
554,1994,Canadian Journal of Ophthalmology,1994 - 2003,1
555,1994,Investigative Ophthalmology and Visual Science,1994 - 2003,1
556,1994,British Journal of Ophthalmology,1994 - 2003,1
557,1993,Ophthalmic Surgery,1984 - 1993,1
558,1993,Acta clinica Belgica,1984 - 1993,1
559,1993,Eye (Basingstoke),1984 - 1993,1
560,1993,British Journal of Ophthalmology,1984 - 1993,1
561,1993,Experientia,1984 - 1993,1
562,1993,Emergency Medicine Clinics of North America,1984 - 1993,1
563,1993,Archives of Ophthalmology,1984 - 1993,1
564,1993,Ophthalmology,1984 - 1993,1
565,1992,Transactions of the American Ophthalmological Society,1984 - 1993,1
566,1992,Annali di Ottalmologia e Clinica Oculistica,1984 - 1993,1
567,1992,American Journal of Ophthalmology,1984 - 1993,1
568,1992,Current Opinion in Ophthalmology,1984 - 1993,1
569,1992,American Journal of Hematology,1984 - 1993,1
570,1991,Insight (American Society of Ophthalmic Registered Nurses),1984 - 1993,1
571,1991,Graefe's Archive for Clinical and Experimental Ophthalmology,1984 - 1993,1
572,1991,Seminars in Hematology,1984 - 1993,1
573,1991,JAMA: The Journal of the American Medical Association,1984 - 1993,1
574,1991,Current Opinion in Ophthalmology,1984 - 1993,1
575,1991,International Ophthalmology,1984 - 1993,1
576,1991,British Journal of Ophthalmology,1984 - 1993,1
577,1991,Archives of Ophthalmology,1984 - 1993,1
578,1991,Eye (Basingstoke),1984 - 1993,1
579,1991,Eye (Basingstoke),1984 - 1993,1
580,1991,Indian journal of ophthalmology,1984 - 1993,1
581,1991,British Journal of Ophthalmology,1984 - 1993,1
582,1991,Annals of Vascular Surgery,1984 - 1993,1
583,1991,Archives of Ophthalmology,1984 - 1993,1
584,1991,Ophthalmology,1984 - 1993,1
585,1991,Blood,1984 - 1993,1
586,1991,Medical Hypotheses,1984 - 1993,1
587,1990,African Journal of Medicine and Medical Sciences,1984 - 1993,1
588,1990,Annals of ophthalmology,1984 - 1993,1
589,1990,Nederlands Tijdschrift voor Geneeskunde,1984 - 1993,1
590,1990,Eye (Basingstoke),1984 - 1993,1
591,1990,Hemoglobin,1984 - 1993,1
592,1990,Archives of Ophthalmology,1984 - 1993,1
593,1990,British Journal of Ophthalmology,1984 - 1993,1
594,1990,British Journal of Ophthalmology,1984 - 1993,1
595,1990,British Journal of Ophthalmology,1984 - 1993,1
596,1990,Annals of Tropical Paediatrics,1984 - 1993,1
597,1990,Drugs,1984 - 1993,1
598,1990,Archives of Ophthalmology,1984 - 1993,1
599,1989,Revue de Chirurgie Orthopedique et Reparatrice de l'Appareil Moteur,1984 - 1993,1
600,1989,Annals of ophthalmology,1984 - 1993,1
601,1989,Archives of Ophthalmology,1984 - 1993,1
602,1989,Annals of ophthalmology,1984 - 1993,1
603,1989,Archives of Ophthalmology,1984 - 1993,1
604,1989,Annals of the New York Academy of Sciences,1984 - 1993,1
605,1989,Advances in experimental medicine and biology,1984 - 1993,1
606,1988,Journal of the American Optometric Association,1984 - 1993,1
607,1988,Graefe's Archive for Clinical and Experimental Ophthalmology,1984 - 1993,1
608,1988,American Journal of Ophthalmology,1984 - 1993,1
609,1988,"Bulletin des societes d""ophtalmologie de France",1984 - 1993,1
610,1988,Annals of ophthalmology,1984 - 1993,1
611,1988,Eye (Basingstoke),1984 - 1993,1
612,1988,Retina,1984 - 1993,1
613,1988,British Journal of Ophthalmology,1984 - 1993,1
614,1988,Archives of Ophthalmology,1984 - 1993,1
615,1988,Ophthalmologica,1984 - 1993,1
616,1987,Transactions of the American Ophthalmological Society,1984 - 1993,1
617,1987,International Ophthalmology,1984 - 1993,1
618,1987,American Journal of Ophthalmology,1984 - 1993,1
619,1987,American journal of ophthalmology,1984 - 1993,1
620,1987,Pediatric Clinics of North America,1984 - 1993,1
621,1987,Archives of Ophthalmology,1984 - 1993,1
622,1987,Archives of Ophthalmology,1984 - 1993,1
623,1987,Drugs,1984 - 1993,1
624,1987,Ophthalmologica,1984 - 1993,1
625,1987,British Journal of Ophthalmology,1984 - 1993,1
626,1987,Archives of Ophthalmology,1984 - 1993,1
627,1987,Clinical Hemorheology,1984 - 1993,1
628,1987,Archives of Ophthalmology,1984 - 1993,1
629,1987,Archives of Ophthalmology,1984 - 1993,1
630,1987,Drugs,1984 - 1993,1
631,1987,Ophthalmic Surgery,1984 - 1993,1
632,1987,British Journal of Ophthalmology,1984 - 1993,1
633,1987,Ophthalmic Surgery,1984 - 1993,1
634,1987,Ophthalmic Surgery,1984 - 1993,1
635,1987,Archives of Ophthalmology,1984 - 1993,1
636,1987,Bulletin de la Société belge d'ophtalmologie,1984 - 1993,1
637,1986,Transactions of the Ophthalmological Societies of the United Kingdom,1984 - 1993,1
638,1986,International Ophthalmology,1984 - 1993,1
639,1986,Ophthalmology,1984 - 1993,1
640,1986,Ophthalmology,1984 - 1993,1
641,1986,Ophthalmic Surgery,1984 - 1993,1
642,1986,British Journal of Ophthalmology,1984 - 1993,1
643,1986,Annals of Ophthalmology,1984 - 1993,1
644,1986,British Journal of Ophthalmology,1984 - 1993,1
645,1986,Transactions - Pennsylvania Academy of Ophthalmology and Otolaryngology,1984 - 1993,1
646,1985,Transactions - Pennsylvania Academy of Ophthalmology and Otolaryngology,1984 - 1993,1
647,1985,Journal of Pediatric Hematology/Oncology,1984 - 1993,1
648,1985,British Journal of Ophthalmology,1984 - 1993,1
649,1985,Klinische Monatsblatter fur Augenheilkunde,1984 - 1993,1
650,1984,British Journal of Ophthalmology,1984 - 1993,1
651,1984,Ophthalmology,1984 - 1993,1
652,1984,British Journal of Ophthalmology,1984 - 1993,1
653,1984,Archives of Neurology,1984 - 1993,1
654,1984,Journal of Ocular Therapy and Surgery,1984 - 1993,1
655,1984,Archives of Ophthalmology,1984 - 1993,1
656,1983,American Journal of Veterinary Research,1974 - 1983,1
657,1983,Annales de Medecine Interne,1974 - 1983,1
658,1983,Journal of Pediatric Hematology/Oncology,1974 - 1983,1
659,1983,British Journal of Ophthalmology,1974 - 1983,1
660,1983,British Journal of Haematology,1974 - 1983,1
661,1983,Revue d'Oto-Neuro-Ophthalmologie,1974 - 1983,1
662,1983,Klinische Monatsblatter fur Augenheilkunde,1974 - 1983,1
663,1983,Transactions of the New Orleans Academy of Ophthalmology,1974 - 1983,1
664,1983,Ophthalmology,1974 - 1983,1
665,1983,Ophthalmology,1974 - 1983,1
666,1983,American Journal of Ophthalmology,1974 - 1983,1
667,1983,Ophthalmology,1974 - 1983,1
668,1982,Retina,1974 - 1983,1
669,1982,American Journal of Ophthalmology,1974 - 1983,1
670,1982,Optometry and Vision Science,1974 - 1983,1
671,1982,Hospitals,1974 - 1983,1
672,1982,British Journal of Ophthalmology,1974 - 1983,1
673,1982,Archives of Ophthalmology,1974 - 1983,1
674,1982,American Journal of Ophthalmology,1974 - 1983,1
675,1982,American Journal of Ophthalmology,1974 - 1983,1
676,1982,American Journal of Hematology,1974 - 1983,1
677,1982,Bulletins et Memoires de la Societe Francaise d'Ophtalmologie,1974 - 1983,1
678,1981,Clinics in Haematology,1974 - 1983,1
679,1981,Medecine d'Afrique Noire,1974 - 1983,1
680,1981,British Journal of Ophthalmology,1974 - 1983,1
681,1981,Transactions of the Ophthalmological Societies of the United Kingdom,1974 - 1983,1
682,1981,Diabetes care,1974 - 1983,1
683,1981,International ophthalmology clinics,1974 - 1983,1
684,1981,American Journal of Ophthalmology,1974 - 1983,1
685,1981,British Journal of Ophthalmology,1974 - 1983,1
686,1981,Archives of Ophthalmology,1974 - 1983,1
687,1981,Annals of Ophthalmology,1974 - 1983,1
688,1981,Archives of Ophthalmology,1974 - 1983,1
689,1981,British Journal of Ophthalmology,1974 - 1983,1
690,1981,Mount Sinai Journal of Medicine,1974 - 1983,1
691,1980,Transactions of the Ophthalmological Societies of the United Kingdom,1974 - 1983,1
692,1980,Transactions of the Ophthalmological Societies of the United Kingdom,1974 - 1983,1
693,1980,Journal of the American Optometric Association,1974 - 1983,1
694,1980,Southern Medical Journal,1974 - 1983,1
695,1980,American Journal of Ophthalmology,1974 - 1983,1
696,1980,Archives of Ophthalmology,1974 - 1983,1
697,1980,British Journal of Ophthalmology,1974 - 1983,1
698,1980,British Journal of Ophthalmology,1974 - 1983,1
699,1980,Archives of Ophthalmology,1974 - 1983,1
700,1980,Survey of Ophthalmology,1974 - 1983,1
701,1979,Annals of Ophthalmology,1974 - 1983,1
702,1979,Annals of Ophthalmology,1974 - 1983,1
703,1979,Survey of Ophthalmology,1974 - 1983,1
704,1979,British Journal of Ophthalmology,1974 - 1983,1
705,1979,British Journal of Ophthalmology,1974 - 1983,1
706,1979,Archives of Ophthalmology,1974 - 1983,1
707,1979,British Journal of Ophthalmology,1974 - 1983,1
708,1979,American Journal of Ophthalmology,1974 - 1983,1
709,1978,Canadian Journal of Ophthalmology,1974 - 1983,1
710,1978,Annals of Ophthalmology,1974 - 1983,1
711,1978,New England Journal of Medicine,1974 - 1983,1
712,1978,New England Journal of Medicine,1974 - 1983,1
713,1978,Ophthalmology,1974 - 1983,1
714,1978,Archives of Ophthalmology,1974 - 1983,1
715,1978,Medecine Tropicale,1974 - 1983,1
716,1978,American Journal of Ophthalmology,1974 - 1983,1
717,1977,Klinische Monatsblatter fur Augenheilkunde,1974 - 1983,1
718,1977,Transactions of the Ophthalmological Societies of the United Kingdom,1974 - 1983,1
719,1977,Journal of the National Medical Association,1974 - 1983,1
720,1977,Transactions - American Academy of Ophthalmology and Otolaryngology,1974 - 1983,1
721,1977,Archives of Internal Medicine,1974 - 1983,1
722,1977,Transactions of the American Academy of Ophthalmology and Otolaryngology,1974 - 1983,1
723,1977,American Journal of Ophthalmology,1974 - 1983,1
724,1977,Archives of Ophthalmology,1974 - 1983,1
725,1977,International Ophthalmology Clinics,1974 - 1983,1
726,1977,Survey of Ophthalmology,1974 - 1983,1
727,1977,Optometry and Vision Science,1974 - 1983,1
728,1977,Klinische Monatsblatter fur Augenheilkunde,1974 - 1983,1
729,1977,Berichte der Deutschen Ophthalmologischen Gesellschaft,1974 - 1983,1
730,1977,Modern problems in ophthalmology,1974 - 1983,1
731,1976,Birth Defects: Original Article Series,1974 - 1983,1
732,1976,Birth Defects: Original Article Series,1974 - 1983,1
733,1976,Transactions of the Ophthalmological Societies of the United Kingdom,1974 - 1983,1
734,1976,METABOL.OPHTHALMOL.,1974 - 1983,1
735,1976,Ophthalmic Surgery,1974 - 1983,1
736,1976,METABOL.OPHTHALMOL.,1974 - 1983,1
737,1976,Albrecht von Graefes Archiv für Klinische und Experimentelle Ophthalmologie,1974 - 1983,1
738,1976,Nigerian medical journal : journal of the Nigeria Medical Association,1974 - 1983,1
739,1976,American Journal of Ophthalmology,1974 - 1983,1
740,1976,Medical Clinics of North America,1974 - 1983,1
741,1976,British Journal of Ophthalmology,1974 - 1983,1
742,1976,American Journal of Ophthalmology,1974 - 1983,1
743,1976,Archives of Ophthalmology,1974 - 1983,1
744,1976,Archives of Ophthalmology,1974 - 1983,1
745,1976,Transactions of the American Academy of Ophthalmology and Otolaryngology,1974 - 1983,1
746,1975,Transactions of the Ophthalmological Societies of the United Kingdom,1974 - 1983,1
747,1975,American Journal of Veterinary Research,1974 - 1983,1
748,1975,Annals of Ophthalmology,1974 - 1983,1
749,1975,Albrecht von Graefes Archiv für Klinische und Experimentelle Ophthalmologie,1974 - 1983,1
750,1975,Documenta Ophthalmologica,1974 - 1983,1
751,1975,American Journal of Ophthalmology,1974 - 1983,1
752,1975,British Journal of Ophthalmology,1974 - 1983,1
753,1975,American Journal of Ophthalmology,1974 - 1983,1
754,1975,American Journal of Ophthalmology,1974 - 1983,1
755,1975,Archives of Ophthalmology,1974 - 1983,1
756,1975,Annales d'Oculistique,1974 - 1983,1
757,1975,Modern problems in ophthalmology,1974 - 1983,1
758,1975,Modern problems in ophthalmology,1974 - 1983,1
759,1974,American Family Physician,1974 - 1983,1
760,1974,Archives of Ophthalmology,1974 - 1983,1
761,1974,Archives of Ophthalmology,1974 - 1983,1
762,1974,Archives of Ophthalmology,1974 - 1983,1
763,1974,British Journal of Ophthalmology,1974 - 1983,1
764,1974,British Journal of Ophthalmology,1974 - 1983,1
765,1974,British Journal of Ophthalmology,1974 - 1983,1
766,1974,American Journal of Ophthalmology,1974 - 1983,1
767,1974,Archives d'Ophtalmologie et Revue Generale d'Ophtalmologie,1974 - 1983,1
768,1973,Maryland State Medical Journal,1964 - 1973,1
769,1973,New York State Journal of Medicine,1964 - 1973,1
770,1973,Archives of Ophthalmology,1964 - 1973,1
771,1973,Archives of Ophthalmology,1964 - 1973,1
772,1973,Transactions of the American Academy of Ophthalmology and Otolaryngology,1964 - 1973,1
773,1973,American Journal of Ophthalmology,1964 - 1973,1
774,1972,The Sight-saving review,1964 - 1973,1
775,1972,Israel Journal of Medical Sciences,1964 - 1973,1
776,1972,American Family Physician,1964 - 1973,1
777,1972,American Journal of Ophthalmology,1964 - 1973,1
778,1972,American Journal of Ophthalmology,1964 - 1973,1
779,1972,American Journal of Ophthalmology,1964 - 1973,1
780,1972,Archives of Ophthalmology,1964 - 1973,1
781,1972,American Journal of Ophthalmology,1964 - 1973,1
782,1971,Transactions - American Academy of Ophthalmology and Otolaryngology,1964 - 1973,1
783,1971,Archives of Ophthalmology,1964 - 1973,1
784,1971,Archives of Internal Medicine,1964 - 1973,1
785,1971,Archives of Ophthalmology,1964 - 1973,1
786,1971,American Journal of Ophthalmology,1964 - 1973,1
787,1970,Transactions of the Ophthalmological Societies of the United Kingdom,1964 - 1973,1
788,1970,Transactions - American Academy of Ophthalmology and Otolaryngology,1964 - 1973,1
789,1969,Documenta Ophthalmologica,1964 - 1973,1
790,1969,Transactions - American Academy of Ophthalmology and Otolaryngology,1964 - 1973,1
791,1967,American Journal of Ophthalmology,1964 - 1973,1
792,1967,The British journal of ophthalmology,1964 - 1973,1
793,1967,Journal of the National Medical Association,1964 - 1973,1
794,1964,Transactions - American Academy of Ophthalmology and Otolaryngology. American Academy of Ophthalmology and Otolaryngology,1964 - 1973,1
795,1963,Belgisch tijdschrift voor geneeskunde,1954 - 1963,1
796,1960,Klinische Monatsblätter für Augenheilkunde und für augenärztliche Fortbildung,1954 - 1963,1
797,1958,The Mississippi doctor,1954 - 1963,1
798,1954,American Journal of Ophthalmology,1954 - 1963,1
